Time;long;latti
4479;19,0157229;47,4631396
5085;19,0157139;47,4631343
5130;19,0157139;47,4631343
10528;19,015676879460667;47,46275078155192
10547;19,015676879460667;47,46275078155192
10599;19,015676879460667;47,46275078155192
10605;19,0156903;47,4628964
10607;19,0157139;47,4631343
10622;19,0157139;47,4631343
12554;19,015629034468777;47,462954161869774
12574;19,015629034468777;47,462954161869774
12577;19,015669;47,4629204
13522;19,015697702136286;47,46295871207767
13550;19,015697702136286;47,46295871207767
13573;19,0156842;47,4629414
14534;19,015697702136286;47,46295871207767
14572;19,0156899;47,462949
15567;19,015697702136286;47,46295871207767
20756;19,016006942453217;47,463085808444596
20765;19,016006942453217;47,463085808444596
20792;19,0157454;47,462977
21751;19,016006942453217;47,463085808444596
21780;19,0157933;47,4629972
22734;19,016006942453217;47,463085808444596
22773;19,0159883;47,4630782
23717;19,016006942453217;47,463085808444596
25923;19,0157107;47,4631762
25937;19,0157107;47,4631762
26775;19,016006942453217;47,463085808444596
37706;19,015962909990527;47,46289138757937
37734;19,015962909990527;47,46289138757937
37758;19,0159954;47,4630336
38731;19,015962909990527;47,46289138757937
38763;19,0159864;47,4629925
39726;19,015962909990527;47,46289138757937
39756;19,0159801;47,4629642
40726;19,015962909990527;47,46289138757937
40760;19,0159755;47,4629436
41757;19,015962909990527;47,46289138757937
41784;19,015972;47,4629283
42723;19,01593214355327;47,462708879836924
42728;19,01593214355327;47,462708879836924
42754;19,0159614;47,462868
44720;19,01593214355327;47,462708879836924
44746;19,0159483;47,4627941
45732;19,01593214355327;47,462708879836924
45771;19,015944;47,4627705
45870;19,015772;47,4623945
45898;19,0159418;47,4627586
45912;19,015772;47,4623945
46733;19,01593214355327;47,462708879836924
46752;19,0159393;47,4627452
47708;19,01593424077821;47,46251397619258
47737;19,01593424077821;47,46251397619258
47757;19,0159381;47,4626882
48725;19,01593424077821;47,46251397619258
48758;19,0159371;47,4626425
49707;19,01593424077821;47,46251397619258
49747;19,0159363;47,4626053
50735;19,01593424077821;47,46251397619258
50750;19,0159357;47,4625793
51731;19,01593424077821;47,46251397619258
51768;19,0159354;47,462565
52714;19,015912398044865;47,46232913868435
52738;19,015912398044865;47,46232913868435
52760;19,0159284;47,4624903
53729;19,015912398044865;47,46232913868435
53755;19,0159234;47,462438
54764;19,015912398044865;47,46232913868435
54792;19,0159203;47,4624063
55746;19,015912398044865;47,46232913868435
55772;19,0159177;47,4623794
56758;19,015912398044865;47,46232913868435
56782;19,0159156;47,4623587
57757;19,015896573050803;47,46211043889901
57772;19,015896573050803;47,46211043889901
57791;19,0159089;47,4622684
58771;19,015896573050803;47,46211043889901
58795;19,015904;47,4622037
59732;19,015896573050803;47,46211043889901
59774;19,015901;47,4621658
60746;19,015896573050803;47,46211043889901
60792;19,0158992;47,4621426
61742;19,01554979076475;47,4619302162695
61767;19,01554979076475;47,4619302162695
61789;19,0157602;47,4620745
62740;19,01541544004881;47,46192858002716
62760;19,01541544004881;47,46192858002716
62787;19,0155881;47,4620235
63770;19,015273681817767;47,46192871790935
63793;19,015273681817767;47,46192871790935
63817;19,0154057;47,461988
64752;19,01512409535655;47,461931996661754
64768;19,01512409535655;47,461931996661754
64790;19,0152261;47,4619656
65702;19,014967577737625;47,4619347338903
65723;19,014967577737625;47,4619347338903
65758;19,0150492;47,4619521
66221;19,0153752;47,4620767
66755;19,014824248044363;47,46193479104311
66759;19,014824248044363;47,46193479104311
66773;19,0148719;47,4619425
67731;19,01467908476187;47,46193007459791
67760;19,01467908476187;47,46193007459791
67791;19,0147122;47,4619358
68759;19,014545191879613;47,46192679394139
68797;19,014545191879613;47,46192679394139
68800;19,0145602;47,4619301
69721;19,01441838896475;47,46192570095
69731;19,01441838896475;47,46192570095
70713;19,014291504106435;47,461929880716326
70740;19,014291504106435;47,461929880716326
71719;19,01417848094866;47,46193772340121
71737;19,01417848094866;47,46193772340121
71761;19,014172;47,4619294
72750;19,014069826468273;47,4619414657449
72774;19,014069826468273;47,4619414657449
72800;19,0140561;47,4619327
73729;19,013962087345583;47,4619493837128
73745;19,013962087345583;47,4619493837128
73761;19,0139498;47,461938
74729;19,013846831499084;47,461976630600645
74755;19,013846831499084;47,461976630600645
74780;19,0138374;47,4619532
75749;19,013731531249746;47,4620053494398
75757;19,013731531249746;47,4620053494398
75772;19,0137203;47,4619774
76746;19,01360105551762;47,462042054174866
76761;19,01360105551762;47,462042054174866
76783;19,013598;47,4620098
77738;19,013456489023447;47,46208179946764
77756;19,013456489023447;47,46208179946764
77771;19,0134663;47,462051
78751;19,013312476269686;47,46213133288866
78755;19,013312476269686;47,46213133288866
78781;19,0133238;47,4621018
79736;19,013176892953815;47,46218914482485
79761;19,013176892953815;47,46218914482485
79785;19,0131875;47,4621534
80750;19,01305368283419;47,46225057181345
80769;19,01305368283419;47,46225057181345
80799;19,0130565;47,4622118
81730;19,012949781335504;47,462313273345366
81742;19,012949781335504;47,462313273345366
81763;19,0129408;47,4622776
82743;19,01286229804826;47,46238959285645
82772;19,01286229804826;47,46238959285645
82792;19,0128425;47,4623625
83726;19,01278969737428;47,462478074472614
83750;19,01278969737428;47,462478074472614
83779;19,0127627;47,4624512
84722;19,01273554672542;47,462564588434454
84746;19,01273554672542;47,462564588434454
84752;19,0126943;47,462539
85188;19,0129837;47,462041
85746;19,012704525353467;47,46265322491933
85751;19,012704525353467;47,46265322491933
85765;19,0126546;47,4626361
86738;19,01270226520371;47,462750502739425
86763;19,01270226520371;47,462750502739425
86783;19,0126459;47,4627396
87713;19,012718416158158;47,462844833532216
87747;19,012718416158158;47,462844833532216
87762;19,0126628;47,4628368
88746;19,01274583394058;47,462933047080384
88770;19,01274583394058;47,462933047080384
88774;19,0126902;47,46293
89744;19,01278907733208;47,463009120735364
89746;19,01278907733208;47,463009120735364
89780;19,01273;47,4630118
90708;19,012848129433042;47,46308380355569
90727;19,012848129433042;47,46308380355569
90753;19,0127955;47,4630873
91722;19,01292241092211;47,463159147258
91743;19,01292241092211;47,463159147258
91750;19,0128694;47,4631637
92711;19,01299908987957;47,463230308920465
92737;19,01299908987957;47,463230308920465
92773;19,0129597;47,4632348
93767;19,013083556951372;47,46330660891305
93793;19,013083556951372;47,46330660891305
93813;19,0130427;47,4633124
94717;19,01317413211537;47,463388674141775
94748;19,01317413211537;47,463388674141775
94774;19,0131384;47,4633887
95728;19,01327197843612;47,46347975205737
95742;19,01327197843612;47,46347975205737
95757;19,0132255;47,4634757
96745;19,013373727150423;47,46357416149001
96773;19,013373727150423;47,46357416149001
96791;19,013351;47,4635711
97746;19,013477045466992;47,46366970845521
97779;19,013477045466992;47,46366970845521
97782;19,0134627;47,4636667
98745;19,013575111962904;47,463764527368085
98769;19,013575111962904;47,463764527368085
99727;19,013663779051672;47,46385777499993
99745;19,013663779051672;47,46385777499993
100754;19,013746873662832;47,463946871188654
100782;19,013746873662832;47,463946871188654
101721;19,01382217647632;47,46403100533122
101746;19,01382217647632;47,46403100533122
102709;19,013892892636278;47,46411016296519
102737;19,013892892636278;47,46411016296519
103796;19,01396028289103;47,46418392572707
104712;19,014026517149215;47,46425311279326
104721;19,014026517149215;47,46425311279326
105707;19,014087675521882;47,46431910360907
105725;19,014087675521882;47,46431910360907
105941;19,0170935;47,4679425
106753;19,01414571911492;47,4643846414331
106779;19,01414571911492;47,4643846414331
107739;19,014202580606746;47,464448001888435
107760;19,014202580606746;47,464448001888435
108707;19,014259335850475;47,46450750025162
108708;19,014259335850475;47,46450750025162
109694;19,01431048456493;47,464561036730075
109723;19,01431048456493;47,464561036730075
110745;19,01435315488797;47,464606440756235
110770;19,01435315488797;47,464606440756235
111744;19,014389251775857;47,46464200633359
111770;19,014389251775857;47,46464200633359
111796;19,0143975;47,4646505
112741;19,01441365310199;47,46466616868157
112759;19,01441365310199;47,46466616868157
112784;19,0144235;47,4646764
113708;19,014426961824967;47,46467857888357
113751;19,0144351;47,4646881
116732;19,01441953290075;47,4646767852422
126142;19,0150846;47,4640371
126143;19,0150846;47,4640371
126769;19,01441953290075;47,4646767852422
129737;19,014438629569867;47,46470115651635
129760;19,014438629569867;47,46470115651635
130717;19,014467047789967;47,46472944872252
130742;19,014467047789967;47,46472944872252
130747;19,0144554;47,4647217
131746;19,014502769202053;47,46476742069316
131773;19,014502769202053;47,46476742069316
131799;19,0144901;47,4647588
132716;19,014544410047904;47,46480668016568
132748;19,014544410047904;47,46480668016568
132755;19,0145293;47,4647985
133744;19,01459192735933;47,46484990946211
133774;19,01459192735933;47,46484990946211
133794;19,0145759;47,4648428
134757;19,01464644738276;47,46490434653886
134759;19,01464644738276;47,46490434653886
134783;19,0146297;47,4648958
135755;19,01470046609698;47,464968466625685
135764;19,01470046609698;47,464968466625685
135785;19,0146823;47,4649578
136754;19,014748808974666;47,465048160079895
136763;19,014748808974666;47,465048160079895
136786;19,0147347;47,4650343
137715;19,014805202843995;47,46512915243971
137739;19,014805202843995;47,46512915243971
137759;19,0147926;47,4651165
138745;19,01487634590189;47,46521153530778
138772;19,01487634590189;47,46521153530778
138787;19,0148618;47,465201
139728;19,01496809283524;47,46529310628815
139730;19,01496809283524;47,46529310628815
139761;19,0149476;47,4652832
140724;19,015078615666326;47,46536890245237
140749;19,015078615666326;47,46536890245237
140756;19,0150517;47,4653622
141720;19,015202578394952;47,465438727356336
141746;19,015202578394952;47,465438727356336
141768;19,0151852;47,4654369
142752;19,01533362289607;47,46552253883919
142757;19,01533362289607;47,46552253883919
142779;19,0153168;47,4655191
143716;19,01545799598181;47,46561424059536
143742;19,01545799598181;47,46561424059536
143749;19,0154434;47,4656079
144716;19,015581709514535;47,465717640259996
144745;19,015581709514535;47,465717640259996
144747;19,0155696;47,4657086
145747;19,015711288632488;47,465821836129244
145778;19,015711288632488;47,465821836129244
145780;19,0157012;47,4658141
146227;19,0170935;47,4679425
146776;19,015841324025946;47,46592637736239
146782;19,015841324025946;47,46592637736239
147729;19,015971767855408;47,46603474618598
147745;19,015971767855408;47,46603474618598
147760;19,0159631;47,4660271
148707;19,016103134797458;47,46614574129072
148742;19,016103134797458;47,46614574129072
148751;19,0160933;47,4661362
149740;19,016240321289136;47,466261412221435
149758;19,016240321289136;47,466261412221435
149789;19,0162312;47,4662525
150720;19,016379733213014;47,46638352711093
150751;19,016379733213014;47,46638352711093
150754;19,0163712;47,4663744
151721;19,016520762113988;47,46651166065968
151736;19,016520762113988;47,46651166065968
151756;19,0165127;47,4665017
152729;19,0166659314026;47,46664717416828
152772;19,0166659314026;47,46664717416828
152774;19,01666;47,4666391
153727;19,01681087456165;47,46678401989013
153730;19,01681087456165;47,46678401989013
153754;19,0168049;47,4667755
154742;19,01695370180702;47,46691733723918
154763;19,01695370180702;47,46691733723918
155724;19,017093418085228;47,467049345182694
155755;19,017093418085228;47,467049345182694
156754;19,01722690355485;47,467179993827486
156762;19,01722690355485;47,467179993827486
157748;19,01734646754499;47,467309853696385
157767;19,01734646754499;47,467309853696385
158748;19,01746453728917;47,46743932353905
158763;19,01746453728917;47,46743932353905
159730;19,017579298865968;47,467568432584095
159742;19,017579298865968;47,467568432584095
160759;19,01769472181247;47,467702284801895
160761;19,01769472181247;47,467702284801895
161707;19,017810085834586;47,46784269564475
161729;19,017810085834586;47,46784269564475
162753;19,017920913971437;47,46798604096235
162754;19,017920913971437;47,46798604096235
163735;19,018022063312266;47,468130471477494
163761;19,018022063312266;47,468130471477494
164736;19,018115313025156;47,46827373983217
164766;19,018115313025156;47,46827373983217
165749;19,01820580682302;47,46841457485131
165772;19,01820580682302;47,46841457485131
166208;19,0182332;47,4684415
166225;19,0176127;47,468514
166227;19,0176127;47,468514
166746;19,01830028590858;47,468550191948154
166753;19,01830028590858;47,468550191948154
167747;19,018397917437817;47,46867422270975
167749;19,018397917437817;47,46867422270975
168710;19,01849630500932;47,46879031475996
168736;19,01849630500932;47,46879031475996
169720;19,01859066213609;47,46889854322066
169730;19,01859066213609;47,46889854322066
170749;19,018685748732818;47,469002086029064
170758;19,018685748732818;47,469002086029064
171751;19,01877920676583;47,4691045914683
171773;19,01877920676583;47,4691045914683
172754;19,01886997979639;47,469206976249616
172761;19,01886997979639;47,469206976249616
173753;19,01895916100145;47,46930924800171
173757;19,01895916100145;47,46930924800171
174779;19,019049083001413;47,46941192308925
175727;19,019139245932653;47,469512620518785
175737;19,019139245932653;47,469512620518785
176744;19,01922423334411;47,46960976405175
176774;19,01922423334411;47,46960976405175
177735;19,01930248198333;47,46970368316862
177757;19,01930248198333;47,46970368316862
178715;19,019379523883924;47,469795235784055
178735;19,019379523883924;47,469795235784055
179764;19,019454013931046;47,4698860694567
179775;19,019454013931046;47,4698860694567
180745;19,019518560816415;47,46996806301236
180751;19,019518560816415;47,46996806301236
181743;19,0195714668608;47,47003532115149
181768;19,0195714668608;47,47003532115149
182723;19,01961906636763;47,470088578358094
182724;19,01961906636763;47,470088578358094
183738;19,019668039519473;47,47013587610916
183764;19,019668039519473;47,47013587610916
183786;19,019674;47,470144
184737;19,01971901242658;47,470187808694455
184759;19,01971901242658;47,470187808694455
185717;19,0197715448115;47,470246935209204
185739;19,0197715448115;47,470246935209204
186200;19,0191371;47,4697298
186749;19,019826471896167;47,4703089912801
186753;19,019826471896167;47,4703089912801
187715;19,01987942655856;47,470368629937404
187736;19,01987942655856;47,470368629937404
188731;19,019933045584985;47,47042605111196
188756;19,019933045584985;47,47042605111196
189712;19,0199885963441;47,47048582315236
189734;19,0199885963441;47,47048582315236
190741;19,02005101407584;47,4705524638702
190760;19,02005101407584;47,4705524638702
191756;19,020128887619464;47,47062888555296
191766;19,020128887619464;47,47062888555296
192740;19,020219041378837;47,47071384815052
192779;19,020219041378837;47,47071384815052
193713;19,020306198585324;47,47080312069978
193740;19,020306198585324;47,47080312069978
193764;19,020297;47,4707956
194745;19,020391236100632;47,47089576604349
194775;19,020391236100632;47,47089576604349
195742;19,020475583041854;47,47099529572284
195767;19,020475583041854;47,47099529572284
196742;19,02056737162192;47,47109690025509
196747;19,02056737162192;47,47109690025509
197740;19,020664788956942;47,47119858957837
197745;19,020664788956942;47,47119858957837
198738;19,02076861683576;47,47130105721525
198765;19,02076861683576;47,47130105721525
199718;19,02088130167683;47,471406549424444
199734;19,02088130167683;47,471406549424444
199758;19,0208687;47,4713992
200751;19,021001578213145;47,47151430715453
200775;19,021001578213145;47,47151430715453
201730;19,021126928009505;47,47162199312572
201738;19,021126928009505;47,47162199312572
201761;19,0211112;47,4716152
202745;19,021253389796687;47,47172852244067
202757;19,021253389796687;47,47172852244067
202787;19,0212396;47,4717241
203726;19,021383704668132;47,47184052983131
203729;19,021383704668132;47,47184052983131
203754;19,0213691;47,4718341
204724;19,02151568169723;47,47195663391442
204751;19,02151568169723;47,47195663391442
204768;19,021502;47,4719493
205753;19,02164773186289;47,47207831420645
205775;19,02164773186289;47,47207831420645
206106;19,0216954;47,4719175
206742;19,021779940715614;47,472213098664156
206752;19,021779940715614;47,472213098664156
207717;19,021905746344746;47,47236306870936
207739;19,021905746344746;47,47236306870936
207760;19,0219022;47,4723524
208752;19,02202078882872;47,47252133032458
208767;19,02202078882872;47,47252133032458
208788;19,0220217;47,4725107
209715;19,022128434978317;47,47268872136884
209742;19,022128434978317;47,47268872136884
209763;19,0221306;47,4726758
210725;19,022232705748927;47,472861993321835
210747;19,022232705748927;47,472861993321835
210767;19,0222366;47,4728503
211739;19,02233383334759;47,47303558753626
211761;19,02233383334759;47,47303558753626
211781;19,0223388;47,4730265
212723;19,02243572644802;47,47320703126175
212747;19,02243572644802;47,47320703126175
213703;19,022540675116254;47,473378296265395
213727;19,022540675116254;47,473378296265395
214753;19,022646448949533;47,47354708168004
214765;19,022646448949533;47,47354708168004
215735;19,022751729401396;47,47371149330928
215760;19,022751729401396;47,47371149330928
216751;19,022852203213446;47,47386993578484
216758;19,022852203213446;47,47386993578484
217748;19,02295200283828;47,47402659199558
217753;19,02295200283828;47,47402659199558
218724;19,023053560663154;47,47418434536382
218733;19,023053560663154;47,47418434536382
219736;19,02315255426695;47,47433836964473
219756;19,02315255426695;47,47433836964473
220768;19,02324970362855;47,47448689068054
220784;19,02324970362855;47,47448689068054
221747;19,023345317841606;47,47463077419986
221765;19,023345317841606;47,47463077419986
222730;19,023437588580546;47,474771219167685
222748;19,023437588580546;47,474771219167685
223774;19,023527197676533;47,47490811782235
223777;19,023527197676533;47,47490811782235
224762;19,02361644874886;47,475042783912095
224787;19,02361644874886;47,475042783912095
225723;19,02370435096348;47,475173958189856
225732;19,02370435096348;47,475173958189856
226237;19,0237295;47,4752119
226252;19,0244034;47,4750776
226255;19,0244034;47,4750776
226735;19,02378813104003;47,4752988383604
226752;19,02378813104003;47,4752988383604
227720;19,0238653035302;47,47541581638005
227741;19,0238653035302;47,47541581638005
228753;19,023935855072335;47,475525767032856
228780;19,023935855072335;47,475525767032856
229730;19,02399876213119;47,47562599345224
229752;19,02399876213119;47,47562599345224
230749;19,024055463884707;47,4757142567654
230757;19,024055463884707;47,4757142567654
230791;19,024063;47,4757223
231729;19,024103695417043;47,47579241051084
231741;19,024103695417043;47,47579241051084
231761;19,0241115;47,4757997
232727;19,02413909081328;47,475857047973065
232753;19,02413909081328;47,475857047973065
232767;19,0241484;47,4758644
233741;19,02416541416047;47,475905548073186
233767;19,02416541416047;47,475905548073186
233785;19,0241747;47,4759133
234804;19,024187685641945;47,47594015406238
234806;19,024187685641945;47,47594015406238
235720;19,02419951312453;47,47596400421584
235741;19,02419951312453;47,47596400421584
236763;19,024209357552568;47,475978907874854
236780;19,024209357552568;47,475978907874854
237765;19,0242142;47,4759911
238744;19,02421339424151;47,47598975370109
241718;19,02421122292434;47,4760016686905
241739;19,02421122292434;47,4760016686905
242748;19,024219183014118;47,47602222601557
242771;19,024219183014118;47,47602222601557
243881;19,02423424956871;47,47605737104606
243906;19,02423424956871;47,47605737104606
244728;19,024260242031527;47,47609887357492
244751;19,024260242031527;47,47609887357492
245774;19,024285979523444;47,47614712593015
246430;19,0232677;47,4741892
246759;19,024318622137088;47,47620314463097
246777;19,024318622137088;47,47620314463097
247720;19,02435710687853;47,476268813424454
247739;19,02435710687853;47,476268813424454
247753;19,0243496;47,4762613
248751;19,024404144748036;47,47633876805555
248754;19,024404144748036;47,47633876805555
249748;19,024453051343244;47,47641253400082
249772;19,024453051343244;47,47641253400082
250745;19,02450260676308;47,47648821664229
250770;19,02450260676308;47,47648821664229
251733;19,024554070678604;47,47656910066878
251754;19,024554070678604;47,47656910066878
252750;19,024608894789658;47,47665677409562
252760;19,024608894789658;47,47665677409562
253739;19,02466683156631;47,47674544906769
253769;19,02466683156631;47,47674544906769
254739;19,024722569117017;47,47682896489189
254771;19,024722569117017;47,47682896489189
255719;19,02477243507689;47,47690781010225
255744;19,02477243507689;47,47690781010225
256716;19,024817670867666;47,47698184503149
256755;19,024817670867666;47,47698184503149
257719;19,024863679261877;47,47705393644489
257739;19,024863679261877;47,47705393644489
258744;19,024911031551152;47,47713032951224
258770;19,024911031551152;47,47713032951224
259744;19,02496173685387;47,47721152422126
259770;19,02496173685387;47,47721152422126
260740;19,0250146398285;47,477298878825664
260752;19,0250146398285;47,477298878825664
261736;19,02507578543093;47,47739100486341
261745;19,02507578543093;47,47739100486341
262749;19,025146553830517;47,47748735518918
262776;19,025146553830517;47,47748735518918
263618;19,025146553830517;47,47748735518918
263751;19,02522120607625;47,477585713807066
263756;19,02522120607625;47,477585713807066
264717;19,02529467396535;47,47768199393085
264742;19,02529467396535;47,47768199393085
265711;19,02535962830078;47,477771445577204
265753;19,02535962830078;47,477771445577204
266274;19,0253744;47,4777969
266294;19,0247511;47,4780441
266295;19,0247511;47,4780441
266763;19,025414744534448;47,477849405246616
266790;19,025414744534448;47,477849405246616
267725;19,025457835281912;47,47791171047616
267750;19,025457835281912;47,47791171047616
268753;19,02549036873626;47,47795689083997
268774;19,02549036873626;47,47795689083997
269720;19,025519237008616;47,477987148238135
269744;19,025519237008616;47,477987148238135
270751;19,025543173953043;47,47801002570313
270777;19,025543173953043;47,47801002570313
271752;19,025567051871572;47,478030115695326
271770;19,025567051871572;47,478030115695326
272728;19,02558342467384;47,478047489531875
272739;19,02558342467384;47,478047489531875
273731;19,025593764280107;47,478059196190976
273743;19,025593764280107;47,478059196190976
274791;19,0256016;47,4780682
276755;19,025605506629713;47,478066564868534
283785;19,02561232971563;47,47808008836425
283787;19,02561232971563;47,47808008836425
284766;19,02562307953298;47,478100598269315
284767;19,02562307953298;47,478100598269315
285765;19,02563030100069;47,478117254109364
285781;19,02563030100069;47,478117254109364
286335;19,0249227;47,4782386
286338;19,0249227;47,4782386
286778;19,025634319858415;47,47812776596105
286781;19,025634319858415;47,47812776596105
298735;19,025640385739894;47,47813819524643
298749;19,025640385739894;47,47813819524643
299762;19,025648891409734;47,47815124108503
299771;19,025648891409734;47,47815124108503
300764;19,02565609129596;47,47816199813533
300793;19,02565609129596;47,47816199813533
306277;19,025025;47,4783853
306278;19,025025;47,4783853
306778;19,02565609129596;47,47816199813533
326254;19,0248998;47,4780821
326256;19,0248998;47,4780821
326777;19,02565609129596;47,47816199813533
327723;19,025663006837874;47,478169829251335
327747;19,025663006837874;47,478169829251335
328728;19,025673405085765;47,47818186275267
328734;19,025673405085765;47,47818186275267
329727;19,025683162545757;47,478193234823024
329741;19,025683162545757;47,478193234823024
330743;19,025690546781817;47,47820325426239
330765;19,025690546781817;47,47820325426239
332720;19,025697486819702;47,478218243359265
332742;19,025697486819702;47,478218243359265
334753;19,025703911176386;47,47823063612388
334762;19,025703911176386;47,47823063612388
337726;19,025714052643522;47,478245921529854
337735;19,025714052643522;47,478245921529854
338723;19,025727333373492;47,47826349435789
338747;19,025727333373492;47,47826349435789
339755;19,02574624520779;47,47828807331697
339775;19,02574624520779;47,47828807331697
340738;19,025768856856498;47,47831385878764
340759;19,025768856856498;47,47831385878764
341751;19,02578854386726;47,47833861235508
341774;19,02578854386726;47,47833861235508
342714;19,025810648326924;47,47836699656478
342735;19,025810648326924;47,47836699656478
343762;19,02583515381739;47,47840274941338
343774;19,02583515381739;47,47840274941338
344759;19,025860969823682;47,47844062556451
344769;19,025860969823682;47,47844062556451
345740;19,025883649632046;47,47847512012712
345755;19,025883649632046;47,47847512012712
346308;19,0258903;47,4784845
346323;19,0256658;47,478763
346327;19,0256658;47,478763
346799;19,02590224842273;47,47850135406043
346805;19,02590224842273;47,47850135406043
347751;19,025915824340135;47,47851963433411
347767;19,025915824340135;47,47851963433411
348767;19,02592352950145;47,47853223040537
348776;19,02592352950145;47,47853223040537
349763;19,025927589173428;47,47854128949879
349782;19,025927589173428;47,47854128949879
351759;19,025934834617992;47,47855212496171
351780;19,025934834617992;47,47855212496171
352722;19,0259451942578;47,47857054006165
352744;19,0259451942578;47,47857054006165
353789;19,025958830039496;47,47859471001922
353800;19,025958830039496;47,47859471001922
354753;19,025973371440966;47,478616820369844
354778;19,025973371440966;47,478616820369844
355749;19,02598640006607;47,47863544056223
355770;19,02598640006607;47,47863544056223
356712;19,02599560778886;47,47865131174778
356750;19,02599560778886;47,47865131174778
357761;19,026004531557245;47,47866486921347
357783;19,026004531557245;47,47866486921347
358759;19,02600899877505;47,478680471354934
358760;19,02600899877505;47,478680471354934
359758;19,026017212297635;47,478695414193886
359778;19,026017212297635;47,478695414193886
360737;19,026019007434147;47,47871012751974
360754;19,026019007434147;47,47871012751974
361734;19,026020977286954;47,47872295603349
361763;19,026020977286954;47,47872295603349
362734;19,026024017802495;47,47873280369501
362756;19,026024017802495;47,47873280369501
364731;19,026038948170907;47,478732934572335
364741;19,026038948170907;47,478732934572335
366337;19,0257018;47,4789835
366351;19,0257018;47,4789835
366786;19,026038948170907;47,478732934572335
377746;19,026059803207122;47,478752893254736
377769;19,026059803207122;47,478752893254736
378728;19,02608485662863;47,478774829746506
378750;19,02608485662863;47,478774829746506
379759;19,026115971273097;47,47880124623164
379780;19,026115971273097;47,47880124623164
380725;19,02613929499199;47,47882383401614
380734;19,02613929499199;47,47882383401614
381725;19,02615346316194;47,47884433180882
381742;19,02615346316194;47,47884433180882
382751;19,026169821960927;47,47886519267172
382775;19,026169821960927;47,47886519267172
383719;19,02618492518054;47,47888409862867
383735;19,02618492518054;47,47888409862867
384716;19,026198917803054;47,47890415984566
384741;19,026198917803054;47,47890415984566
385714;19,026216117925443;47,478925017916005
385738;19,026216117925443;47,478925017916005
386477;19,0258793;47,4792006
386492;19,0258793;47,4792006
386766;19,0262316701304;47,47894501314607
387711;19,02624042967391;47,47896356941802
387731;19,02624042967391;47,47896356941802
388744;19,02625050930025;47,47897640332472
388768;19,02625050930025;47,47897640332472
390756;19,026264080208833;47,47898693293528
390757;19,026264080208833;47,47898693293528
394744;19,026269168521846;47,47899773482882
394768;19,026269168521846;47,47899773482882
395723;19,02627545821816;47,47900760189797
395744;19,02627545821816;47,47900760189797
396720;19,02628271673867;47,4790211607984
396745;19,02628271673867;47,4790211607984
397749;19,02629284000816;47,47903759842337
397775;19,02629284000816;47,47903759842337
398747;19,02630190068689;47,479052665410066
398769;19,02630190068689;47,479052665410066
399729;19,02631096414785;47,47906349778428
399741;19,02631096414785;47,47906349778428
406619;19,0258609;47,4792673
406620;19,0258609;47,4792673
406738;19,02631851491425;47,47906620542117
417721;19,026326089750498;47,47908078768022
417747;19,026326089750498;47,47908078768022
418737;19,026336754357775;47,47911382346465
418752;19,026336754357775;47,47911382346465
418778;19,0263323;47,4791007
419771;19,026351837982656;47,47914562227433
419782;19,026351837982656;47,47914562227433
419804;19,0263458;47,4791326
420753;19,026373919370986;47,479175636293874
420776;19,026373919370986;47,479175636293874
420799;19,0263665;47,479166
421715;19,026400428109724;47,479205621841345
421747;19,026400428109724;47,479205621841345
421763;19,0263914;47,4791981
422746;19,026430381389744;47,479239960411945
422772;19,026430381389744;47,479239960411945
423756;19,02645602060105;47,479275235743636
423774;19,02645602060105;47,479275235743636
424754;19,026469662095824;47,47930988533669
424777;19,026469662095824;47,47930988533669
425719;19,026477280720947;47,47933785851559
425743;19,026477280720947;47,47933785851559
426619;19,0264866;47,4793531
426644;19,0261794;47,4795606
426646;19,0261794;47,4795606
426742;19,026488057995476;47,479362630534546
426745;19,026488057995476;47,479362630534546
427764;19,026493089273814;47,479387103595506
427773;19,026493089273814;47,479387103595506
428711;19,02649323865212;47,47940761533103
428739;19,02649323865212;47,47940761533103
429714;19,026496347409676;47,47942600971835
429743;19,026496347409676;47,47942600971835
430725;19,026494288429593;47,4794528799041
430746;19,026494288429593;47,4794528799041
431723;19,02649783034217;47,47947824258209
431744;19,02649783034217;47,47947824258209
432753;19,02650337570301;47,479506508536005
432762;19,02650337570301;47,479506508536005
433749;19,026513324504304;47,47953659799622
433773;19,026513324504304;47,47953659799622
434763;19,026536898595573;47,479559744531365
434783;19,026536898595573;47,479559744531365
435726;19,026552881988405;47,47958804095297
435754;19,026552881988405;47,47958804095297
436758;19,026565334240548;47,479614188078116
436777;19,026565334240548;47,479614188078116
437758;19,02657705794072;47,47963960080049
437772;19,02657705794072;47,47963960080049
438754;19,026585231972433;47,47966585516396
438775;19,026585231972433;47,47966585516396
439751;19,026597926602214;47,47968970383346
439774;19,026597926602214;47,47968970383346
440717;19,026610973027623;47,47971464284069
440748;19,026610973027623;47,47971464284069
441763;19,026623829460206;47,47974676615043
441768;19,026623829460206;47,47974676615043
442761;19,026639564878653;47,47977967025975
442770;19,026639564878653;47,47977967025975
443724;19,0266537612432;47,47980840991762
443748;19,0266537612432;47,47980840991762
444758;19,02666768452626;47,47983526699192
444788;19,02666768452626;47,47983526699192
445756;19,02667784016092;47,479862462569464
445777;19,02667784016092;47,479862462569464
446452;19,0266827;47,4798773
446474;19,0267466;47,480165
446476;19,0267466;47,480165
446785;19,026688735374517;47,479887546973806
446840;19,026688735374517;47,479887546973806
447717;19,02669714927358;47,47991068719386
447737;19,02669714927358;47,47991068719386
448764;19,026700643910416;47,4799305589754
448777;19,026700643910416;47,4799305589754
449728;19,02670263684048;47,47994858334905
449757;19,02670263684048;47,47994858334905
450760;19,02670488140878;47,479967064244015
450782;19,02670488140878;47,479967064244015
451738;19,026704043895055;47,47998343941179
451746;19,026704043895055;47,47998343941179
452755;19,02670321597643;47,47999885154111
452778;19,02670321597643;47,47999885154111
453819;19,026703793538708;47,48001556002063
453839;19,026703793538708;47,48001556002063
454734;19,026707720032835;47,480031789468775
454735;19,026707720032835;47,480031789468775
455763;19,02670739603436;47,480045765650075
455776;19,02670739603436;47,480045765650075
456767;19,026705940096104;47,48006088035998
456768;19,026705940096104;47,48006088035998
457748;19,02670368661284;47,48007500674211
457823;19,02670368661284;47,48007500674211
458762;19,026703521302267;47,48009090963788
458779;19,026703521302267;47,48009090963788
459743;19,02670248344181;47,480106244409775
459754;19,02670248344181;47,480106244409775
460758;19,02670473719355;47,480122335139214
460778;19,02670473719355;47,480122335139214
461751;19,02670850216434;47,480134407262
461772;19,02670850216434;47,480134407262
462746;19,0267121793887;47,48014506439267
462754;19,0267121793887;47,48014506439267
466733;19,026715;47,4801547
466772;19,0265182;47,4802546
466777;19,0265182;47,4802546
466781;19,026714891590125;47,480151816358656
482750;19,026713998355465;47,480158883841895
483716;19,026716290590656;47,480176434537235
483740;19,026716290590656;47,480176434537235
484745;19,02671826852564;47,48020119986246
484762;19,02671826852564;47,48020119986246
485743;19,02672309776257;47,48022854643495
485767;19,02672309776257;47,48022854643495
486627;19,0269436;47,4802213
486643;19,0269436;47,4802213
486761;19,026723011141154;47,480261243726375
486777;19,026723011141154;47,480261243726375
487746;19,02672599423041;47,48029628036312
487769;19,02672599423041;47,48029628036312
488754;19,026730209415575;47,48033510054551
488756;19,026730209415575;47,48033510054551
489751;19,026738301426068;47,480381889271946
489773;19,026738301426068;47,480381889271946
490765;19,026752528040923;47,48043690766932
490774;19,026752528040923;47,48043690766932
491762;19,026764444173406;47,48049137306012
491777;19,026764444173406;47,48049137306012
492713;19,026775810476117;47,480543382773796
492741;19,026775810476117;47,480543382773796
493744;19,026781044260158;47,480591331785554
493783;19,026781044260158;47,480591331785554
494739;19,026808997168327;47,48064042987051
494760;19,026808997168327;47,48064042987051
495753;19,026814502592465;47,480682258425
495776;19,026814502592465;47,480682258425
496733;19,026819667022927;47,48072190893496
496754;19,026819667022927;47,48072190893496
497716;19,02682409344564;47,480757528306086
497738;19,02682409344564;47,480757528306086
498764;19,026828632721024;47,48079215526176
498775;19,026828632721024;47,48079215526176
499760;19,02683213602513;47,480820002175655
499782;19,02683213602513;47,480820002175655
500724;19,026835390890987;47,48084465008666
500752;19,026835390890987;47,48084465008666
501738;19,02683798812618;47,48086375188835
501756;19,02683798812618;47,48086375188835
502757;19,026839291209168;47,48087461356799
502779;19,026839291209168;47,48087461356799
506593;19,0269766;47,4807079
506607;19,0269766;47,4807079
506738;19,026839698777803;47,48087773133333
514763;19,026842382885196;47,48089825149868
514776;19,026842382885196;47,48089825149868
515759;19,026845338163746;47,48092393793293
515761;19,026845338163746;47,48092393793293
516743;19,026848567861023;47,48095380480745
516764;19,026848567861023;47,48095380480745
517722;19,02685232853417;47,480989081663516
517748;19,02685232853417;47,480989081663516
518720;19,026856469983596;47,481031406425714
518751;19,026856469983596;47,481031406425714
519717;19,026861012506533;47,48107853957248
519749;19,026861012506533;47,48107853957248
520760;19,026865844062215;47,48113076872863
520768;19,026865844062215;47,48113076872863
521741;19,026869996878094;47,48117710926041
521779;19,026869996878094;47,48117710926041
522725;19,02687286772012;47,48121296356174
522734;19,02687286772012;47,48121296356174
523752;19,026874766730156;47,48124128911847
523778;19,026874766730156;47,48124128911847
524748;19,02687553802538;47,481264233236594
524777;19,02687553802538;47,481264233236594
525735;19,026876297954153;47,48128524960967
525743;19,026876297954153;47,48128524960967
526586;19,0268784;47,4813094
526608;19,0268735;47,4814304
526609;19,0268735;47,4814304
526775;19,026876261419115;47,48130540749948
526795;19,026876261419115;47,48130540749948
527749;19,026876724196253;47,48132749532993
527775;19,026876724196253;47,48132749532993
528762;19,026877051387807;47,481347567590966
528775;19,026877051387807;47,481347567590966
529709;19,026881012597713;47,48136965322581
529736;19,026881012597713;47,48136965322581
530720;19,026896794921832;47,48140727279709
530744;19,026896794921832;47,48140727279709
531720;19,026918241800477;47,48141843307962
531735;19,026918241800477;47,48141843307962
532748;19,026959521521018;47,4814305418654
532768;19,026959521521018;47,4814305418654
533715;19,02700128918728;47,481426602942165
533741;19,02700128918728;47,481426602942165
534762;19,027044666830836;47,48141935084435
534783;19,027044666830836;47,48141935084435
534788;19,0270452;47,4814293
535759;19,027101321306862;47,4814037422572
535781;19,027101321306862;47,4814037422572
535786;19,0271003;47,4814132
536722;19,02716673363722;47,48138545063538
536748;19,02716673363722;47,48138545063538
536768;19,0271628;47,4813977
537755;19,027235144276283;47,48136659693755
537758;19,027235144276283;47,48136659693755
537776;19,0272321;47,481377
538755;19,027302030998356;47,48135044823049
538784;19,027302030998356;47,48135044823049
539766;19,027367495289653;47,48133794643062
539769;19,027367495289653;47,48133794643062
540733;19,027429880083268;47,48132676638761
540740;19,027429880083268;47,48132676638761
541730;19,027486208179635;47,481316760995625
541760;19,027486208179635;47,481316760995625
542762;19,027535390834636;47,48130876678184
542780;19,027535390834636;47,48130876678184
543813;19,027571039288134;47,48130353684027
543822;19,027571039288134;47,48130353684027
544744;19,027607431432607;47,48129799073095
544766;19,027607431432607;47,48129799073095
545740;19,027645977520482;47,48129388933262
545751;19,027645977520482;47,48129388933262
546593;19,0276832;47,4812879
546614;19,0278052;47,4813611
546615;19,0278052;47,4813611
546748;19,027685198288715;47,48129109432186
546752;19,027685198288715;47,48129109432186
547731;19,027726701278926;47,48128860010959
547741;19,027726701278926;47,48128860010959
548710;19,02777619569958;47,481286615278705
548731;19,02777619569958;47,481286615278705
549744;19,027840925230688;47,48128653623677
549768;19,027840925230688;47,48128653623677
549792;19,0278228;47,4812857
550741;19,027848218435974;47,4812955470177
550759;19,027848218435974;47,4812955470177
552755;19,02786195966936;47,48131757776232
552786;19,02786195966936;47,48131757776232
552788;19,0278586;47,4813079
553756;19,02787019953805;47,48132798934204
553779;19,02787019953805;47,48132798934204
554745;19,02788093272005;47,4813361416397
554775;19,02788093272005;47,4813361416397
558721;19,027878610715472;47,48134659054479
558742;19,027878610715472;47,48134659054479
561785;19,027855381738906;47,481338455812
561786;19,027855381738906;47,481338455812
566665;19,0277789;47,4813394
566679;19,0277789;47,4813394
566741;19,027847796253322;47,481339527269384
573720;19,027843053193624;47,48134197976507
